V,H,S,M
0.338156758,0.0,1.0,1.0
0.320241334,0.181818182,1.0,1.0
0.28700875,0.272727273,1.0,1.0
0.256283622,0.454545455,1.0,1.0
0.262839599,0.545454545,1.0,1.0
0.240966463,0.727272727,1.0,1.0
0.254410486,0.818181818,1.0,1.0
0.234924175,1.0,1.0,1.0
0.353473918,0.0,4.0,1.0
0.335347054,0.181818182,4.0,1.0
0.335347054,0.272727273,4.0,1.0
0.330029894,0.454545455,4.0,1.0
0.335347054,0.545454545,4.0,1.0
0.305135614,0.727272727,4.0,1.0
0.256283622,0.818181818,4.0,1.0
0.235649303,1.0,4.0,1.0
0.315347054,0.0,2.0,1.0
0.283987607,0.181818182,2.0,1.0
0.303262478,0.272727273,2.0,1.0
0.274924175,0.454545455,2.0,1.0
0.260029894,0.545454545,2.0,1.0
0.259818455,0.727272727,2.0,1.0
0.283987607,0.818181818,2.0,1.0
0.265860743,1.0,2.0,1.0
0.323051038,0.0,5.0,1.0
0.305135614,0.181818182,5.0,1.0
0.314199046,0.272727273,5.0,1.0
0.30211447,0.454545455,5.0,1.0
0.323262478,0.545454545,5.0,1.0
0.314199046,0.727272727,5.0,1.0
0.323262478,0.818181818,5.0,1.0
0.274199046,1.0,5.0,1.0
0.34743163,0.0,3.0,1.0
0.341691591,0.181818182,3.0,1.0
0.296072182,0.272727273,3.0,1.0
0.310398761,0.454545455,3.0,1.0
0.296072182,0.545454545,3.0,1.0
0.31743163,0.727272727,3.0,1.0
0.329304766,0.818181818,3.0,1.0
0.308156758,1.0,3.0,1.0
0.338368198,0.0,6.0,1.0
0.295014984,0.181818182,6.0,1.0
0.27199384,0.272727273,6.0,1.0
0.271903031,0.454545455,6.0,1.0
0.29220528,0.545454545,6.0,1.0
0.285347054,0.727272727,6.0,1.0
0.30211447,0.909090909,6.0,1.0
0.999998728,0.0,1.0,2.0
0.999998728,0.090909091,1.0,2.0
0.999998728,0.272727273,1.0,2.0
0.906343265,0.363636364,1.0,2.0
0.658609459,0.545454545,1.0,2.0
0.610271155,0.636363636,1.0,2.0
0.453171669,0.818181818,1.0,2.0
0.442446541,0.909090909,1.0,2.0
0.999998728,0.0,4.0,2.0
0.999998728,0.090909091,4.0,2.0
0.975829576,0.272727273,4.0,2.0
0.815708945,0.363636364,4.0,2.0
0.655588315,0.545454545,4.0,2.0
0.628398019,0.636363636,4.0,2.0
0.504531116,0.818181818,4.0,2.0
0.474319677,0.909090909,4.0,2.0
0.719032338,0.0,2.0,2.0
0.622355731,0.090909091,2.0,2.0
0.531721412,0.272727273,2.0,2.0
0.504531116,0.363636364,2.0,2.0
0.438065949,0.545454545,2.0,2.0
0.398791077,0.636363636,2.0,2.0
0.36253735,0.818181818,2.0,2.0
0.999998728,0.0,5.0,2.0
0.912385552,0.181818182,5.0,2.0
0.957702712,0.272727273,5.0,2.0
0.75830721,0.454545455,5.0,2.0
0.734138058,0.545454545,5.0,2.0
0.495256245,0.727272727,5.0,2.0
0.468277389,0.818181818,5.0,2.0
0.467340821,1.0,5.0,2.0
0.999998728,0.0,3.0,2.0
0.999998728,0.181818182,3.0,2.0
0.999998728,0.272727273,3.0,2.0
0.999998728,0.454545455,3.0,2.0
0.999998728,0.545454545,3.0,2.0
0.854983817,0.727272727,3.0,2.0
0.628398019,0.818181818,3.0,2.0
0.549848276,1.0,3.0,2.0
0.999998728,0.0,6.0,2.0
0.891237545,0.181818182,6.0,2.0
0.999998728,0.272727273,6.0,2.0
0.809666657,0.454545455,6.0,2.0
0.716011194,0.545454545,6.0,2.0
0.50755226,0.727272727,6.0,2.0
0.549848276,0.818181818,6.0,2.0
0.444108237,1.0,6.0,2.0
0.389304766,0.0,1.0,3.0
0.365347054,0.181818182,1.0,3.0
0.368579638,0.272727273,1.0,3.0
0.338156758,0.454545455,1.0,3.0
0.31722019,0.545454545,1.0,3.0
0.319093326,0.727272727,1.0,3.0
0.335347054,0.818181818,1.0,3.0
0.303262478,1.0,1.0,3.0
0.613292299,0.181818182,4.0,3.0
0.425981373,0.363636364,4.0,3.0
0.384621926,0.454545455,4.0,3.0
0.356495062,0.636363636,4.0,3.0
0.350685358,0.727272727,4.0,3.0
0.338368198,0.909090909,4.0,3.0
0.344410486,1.0,4.0,3.0
0.444108237,0.090909091,2.0,3.0
0.389727645,0.181818182,2.0,3.0
0.356495062,0.363636364,2.0,3.0
0.353473918,0.454545455,2.0,3.0
0.356495062,0.636363636,2.0,3.0
0.314199046,0.727272727,2.0,3.0
0.253776167,0.909090909,2.0,3.0
0.574017428,0.0,5.0,3.0
0.477340821,0.181818182,5.0,3.0
0.483383109,0.272727273,5.0,3.0
0.407854509,0.454545455,5.0,3.0
0.386706501,0.545454545,5.0,3.0
0.389727645,0.727272727,5.0,3.0
0.365558494,0.818181818,5.0,3.0
0.326283622,1.0,5.0,3.0
0.664651747,0.181818182,3.0,3.0
0.510573404,0.363636364,3.0,3.0
0.483383109,0.454545455,3.0,3.0
0.395769933,0.636363636,3.0,3.0
0.36253735,0.727272727,3.0,3.0
0.352748789,0.909090909,3.0,3.0
0.352960229,1.0,3.0,3.0
0.561932852,0.181818182,6.0,3.0
0.586102004,0.272727273,6.0,3.0
0.489425397,0.454545455,6.0,3.0
0.425981373,0.545454545,6.0,3.0
0.350452774,0.727272727,6.0,3.0
0.335347054,0.818181818,6.0,3.0
0.306495062,1.0,6.0,3.0
0.513594548,0.090909091,1.0,4.0
0.407854509,0.272727273,1.0,4.0
0.389727645,0.363636364,1.0,4.0
0.338368198,0.545454545,1.0,4.0
0.353473918,0.636363636,1.0,4.0
0.368579638,0.818181818,1.0,4.0
0.36253735,0.909090909,1.0,4.0
0.501509972,0.0,4.0,4.0
0.441087093,0.090909091,4.0,4.0
0.404833365,0.363636364,4.0,4.0
0.37764307,0.454545455,4.0,4.0
0.34743163,0.636363636,4.0,4.0
0.330664214,0.727272727,4.0,4.0
0.329304766,0.909090909,4.0,4.0
0.309516206,1.0,4.0,4.0
0.531721412,0.181818182,2.0,4.0
0.504531116,0.272727273,2.0,4.0
0.438065949,0.454545455,2.0,4.0
0.398791077,0.545454545,2.0,4.0
0.36253735,0.727272727,2.0,4.0
0.314199046,0.818181818,2.0,4.0
0.329304766,1.0,2.0,4.0
0.28125225,0.0,5.0,4.0
0.273866976,0.181818182,5.0,4.0
0.256465241,0.272727273,5.0,4.0
0.227522439,0.454545455,5.0,4.0
0.235649303,0.545454545,5.0,4.0
0.207945319,0.727272727,5.0,4.0
0.197733879,0.818181818,5.0,4.0
0.24220528,0.090909091,3.0,4.0
0.240332143,0.181818182,3.0,4.0
0.262839599,0.454545455,3.0,4.0
0.255860743,0.545454545,3.0,4.0
0.233987607,0.727272727,3.0,4.0
0.213096646,0.818181818,3.0,4.0
0.234924175,1.0,3.0,4.0
0.592144292,0.0,6.0,4.0
0.416917941,0.181818182,6.0,4.0
0.422960229,0.272727273,6.0,4.0
0.407854509,0.454545455,6.0,4.0
0.33232591,0.545454545,6.0,4.0
0.329304766,0.727272727,6.0,4.0
0.365558494,0.818181818,6.0,4.0
0.329304766,1.0,6.0,4.0
0.58308086,0.0,1.0,5.0
0.311177902,0.181818182,1.0,5.0
0.277945319,0.272727273,1.0,5.0
0.335347054,0.454545455,1.0,5.0
0.229607015,0.545454545,1.0,5.0
0.290029894,0.727272727,1.0,5.0
0.30211447,0.818181818,1.0,5.0
0.314199046,1.0,1.0,5.0
0.558911708,0.0,4.0,5.0
0.501509972,0.181818182,4.0,5.0
0.534742556,0.272727273,4.0,5.0
0.489425397,0.454545455,4.0,5.0
0.443805988,0.545454545,4.0,5.0
0.389727645,0.727272727,4.0,5.0
0.395044805,0.818181818,4.0,5.0
0.365558494,1.0,4.0,5.0
0.422960229,0.181818182,2.0,5.0
0.34743163,0.545454545,2.0,5.0
0.33232591,0.636363636,2.0,5.0
0.296072182,0.909090909,2.0,5.0
0.33232591,1.0,2.0,5.0
0.419184136,0.090909091,5.0,5.0
0.422839599,0.181818182,5.0,5.0
0.378368198,0.363636364,5.0,5.0
0.371600782,0.454545455,5.0,5.0
0.348791077,0.636363636,5.0,5.0
0.353685358,0.727272727,5.0,5.0
0.323262478,0.909090909,5.0,5.0
0.295347054,1.0,5.0,5.0
0.471298533,0.181818182,3.0,5.0
0.444108237,0.272727273,3.0,5.0
0.383685358,0.454545455,3.0,5.0
0.350875653,0.545454545,3.0,5.0
0.341389342,0.727272727,3.0,5.0
0.341389342,0.818181818,3.0,5.0
0.296072182,1.0,3.0,5.0
0.495467684,0.090909091,6.0,5.0
0.410875653,0.272727273,6.0,5.0
0.371600782,0.363636364,6.0,5.0
0.323262478,0.545454545,6.0,5.0
0.30211447,0.636363636,6.0,5.0
0.350452774,0.818181818,6.0,5.0
0.308156758,0.909090909,6.0,5.0
0.320241334,0.090909091,1.0,1.0
0.268881887,0.363636364,1.0,1.0
0.250241334,0.636363636,1.0,1.0
0.253776167,0.909090909,1.0,1.0
0.365860743,0.090909091,4.0,1.0
0.326072182,0.363636364,4.0,1.0
0.293776167,0.636363636,4.0,1.0
0.244712735,0.909090909,4.0,1.0
0.296585871,0.090909091,2.0,1.0
0.274712735,0.363636364,2.0,1.0
0.280966463,0.636363636,2.0,1.0
0.229607015,0.909090909,2.0,1.0
0.31700875,0.090909091,5.0,1.0
0.314199046,0.363636364,5.0,1.0
0.305135614,0.636363636,5.0,1.0
0.296072182,0.909090909,5.0,1.0
0.338368198,0.090909091,3.0,1.0
0.30211447,0.363636364,3.0,1.0
0.33232591,0.636363636,3.0,1.0
0.30211447,0.909090909,3.0,1.0
0.290029894,0.090909091,6.0,1.0
0.259093326,0.363636364,6.0,1.0
0.288368198,0.636363636,6.0,1.0
0.28700875,1.0,6.0,1.0
0.999998728,0.181818182,1.0,2.0
0.78851865,0.454545455,1.0,2.0
0.586102004,0.727272727,1.0,2.0
0.439213957,1.0,1.0,2.0
0.999998728,0.181818182,4.0,2.0
0.725074626,0.454545455,4.0,2.0
0.534742556,0.727272727,4.0,2.0
0.450150525,1.0,4.0,2.0
0.513594548,0.181818182,2.0,2.0
0.480361965,0.454545455,2.0,2.0
0.371600782,0.727272727,2.0,2.0
0.999998728,0.090909091,5.0,2.0
0.71299005,0.363636364,5.0,2.0
0.628398019,0.636363636,5.0,2.0
0.483383109,0.909090909,5.0,2.0
0.999998728,0.090909091,3.0,2.0
0.999998728,0.363636364,3.0,2.0
0.851962673,0.636363636,3.0,2.0
0.592144292,0.909090909,3.0,2.0
0.99395644,0.090909091,6.0,2.0
0.779455218,0.363636364,6.0,2.0
0.655588315,0.636363636,6.0,2.0
0.444108237,0.909090909,6.0,2.0
0.374621926,0.090909091,1.0,3.0
0.344410486,0.363636364,1.0,3.0
0.315558494,0.636363636,1.0,3.0
0.303685358,0.909090909,1.0,3.0
0.492446541,0.272727273,4.0,3.0
0.374706501,0.545454545,4.0,3.0
0.356072182,0.818181818,4.0,3.0
0.534742556,0.0,2.0,3.0
0.395769933,0.272727273,2.0,3.0
0.353473918,0.545454545,2.0,3.0
0.280966463,0.818181818,2.0,3.0
0.480361965,0.090909091,5.0,3.0
0.432023661,0.363636364,5.0,3.0
0.271903031,0.636363636,5.0,3.0
0.30211447,0.909090909,5.0,3.0
0.549848276,0.272727273,3.0,3.0
0.416917941,0.545454545,3.0,3.0
0.380664214,0.818181818,3.0,3.0
0.752264922,0.090909091,6.0,3.0
0.52265798,0.363636364,6.0,3.0
0.404833365,0.636363636,6.0,3.0
0.311177902,0.909090909,6.0,3.0
0.471298533,0.181818182,1.0,4.0
0.380664214,0.454545455,1.0,4.0
0.308156758,0.727272727,1.0,4.0
0.359516206,1.0,1.0,4.0
0.423473918,0.181818182,4.0,4.0
0.359516206,0.545454545,4.0,4.0
0.333685358,0.818181818,4.0,4.0
0.513594548,0.090909091,2.0,4.0
0.480361965,0.363636364,2.0,4.0
0.371600782,0.636363636,2.0,4.0
0.326283622,0.909090909,2.0,4.0
0.2717824,0.090909091,5.0,4.0
0.24199384,0.363636364,5.0,4.0
0.22700875,0.636363636,5.0,4.0
0.263776167,0.0,3.0,4.0
0.223564727,0.272727273,3.0,4.0
0.253776167,0.636363636,3.0,4.0
0.209818455,0.909090909,3.0,4.0
0.462235101,0.090909091,6.0,4.0
0.413896797,0.363636364,6.0,4.0
0.34743163,0.636363636,6.0,4.0
0.335347054,0.909090909,6.0,4.0
0.444108237,0.090909091,1.0,5.0
0.296072182,0.363636364,1.0,5.0
0.356495062,0.636363636,1.0,5.0
0.320241334,0.909090909,1.0,5.0
0.540784844,0.090909091,4.0,5.0
0.506102004,0.363636364,4.0,5.0
0.401812221,0.636363636,4.0,5.0
0.369002517,0.909090909,4.0,5.0
0.362839599,0.363636364,2.0,5.0
0.320241334,0.818181818,2.0,5.0
0.446283622,0.0,5.0,5.0
0.391177902,0.272727273,5.0,5.0
0.378156758,0.545454545,5.0,5.0
0.319939085,0.818181818,5.0,5.0
0.519636836,0.090909091,3.0,5.0
0.398791077,0.363636364,3.0,5.0
0.34743163,0.636363636,3.0,5.0
0.323262478,0.909090909,3.0,5.0
0.444108237,0.181818182,6.0,5.0
0.353473918,0.454545455,6.0,5.0
0.36253735,0.727272727,6.0,5.0
0.314199046,1.0,6.0,5.0
0.3314677222263995,2.287493970875346e-05,1.0,1.0
0.3056684117328705,0.16568465157746787,1.0,1.0
0.2911726803430248,0.2835886103260693,1.0,1.0
0.2593350968092109,0.4505980600729711,1.0,1.0
0.27304909051946397,0.5389997781222433,1.0,1.0
0.2458607865164109,0.7267487853200879,1.0,1.0
0.25705971789216214,0.8306727180583606,1.0,1.0
0.230402048841669,0.9871505360043159,1.0,1.0
0.345428525857643,-0.01664801502697862,4.0,1.0
0.3473333357615267,0.19480172082043837,4.0,1.0
0.34112201090386707,0.2679512959963202,4.0,1.0
0.32523841805107406,0.46271625707000963,4.0,1.0
0.33145246700907816,0.538866125825565,4.0,1.0
0.2995091737949354,0.7271262658946913,4.0,1.0
0.24731716546914934,0.8179025351280497,4.0,1.0
0.25164983293915216,0.9863354459285567,4.0,1.0
0.3065898349253924,-0.001050077210287942,2.0,1.0
0.29230109247342,0.1720930810453551,2.0,1.0
0.29573740225831524,0.27351587639874003,2.0,1.0
0.2645629134640446,0.4351738860983291,2.0,1.0
0.2673424130842322,0.5495185487229192,2.0,1.0
0.26649396928030694,0.733663606566997,2.0,1.0
0.2770039624231509,0.8121968363968678,2.0,1.0
0.2864410890788355,1.005095127398325,2.0,1.0
0.3069309395406324,-0.0033003587815610236,5.0,1.0
0.31363144065343557,0.19247651720918177,5.0,1.0
0.3121297458505884,0.27737328231222064,5.0,1.0
0.30828455984764896,0.4583103767101932,5.0,1.0
0.3050451601414995,0.5425524661028708,5.0,1.0
0.31699172071031095,0.7377550586746848,5.0,1.0
0.3104950718521919,0.8127900834603548,5.0,1.0
0.27110596660782355,0.9875417703063488,5.0,1.0
0.3371696750235941,0.0037665856759816875,3.0,1.0
0.33506210896268324,0.19061468996007155,3.0,1.0
0.29469084706341936,0.2662039160067898,3.0,1.0
0.32074991031893924,0.45831721659742697,3.0,1.0
0.2778648304519859,0.5511595587589095,3.0,1.0
0.3069823324813035,0.7282561290147987,3.0,1.0
0.3298703807393661,0.800669252939969,3.0,1.0
0.29944399617895645,1.0101170297745197,3.0,1.0
0.34038210901911975,0.010530260787017612,6.0,1.0
0.30322965186985484,0.1811293133341657,6.0,1.0
0.2617822015420958,0.27084265132693397,6.0,1.0
0.27724893650165683,0.45881635460768444,6.0,1.0
0.2907615976343595,0.5296477882124726,6.0,1.0
0.29701362154394995,0.7234711275249042,6.0,1.0
0.2894891357161351,0.9163892000373948,6.0,1.0
1.001960354400749,-0.0035624731946063497,1.0,2.0
1.0101033987673367,0.10300346987081681,1.0,2.0
1.0183254578512053,0.2677139041608874,1.0,2.0
0.9139646347331749,0.35453615088485213,1.0,2.0
0.6641752131958899,0.5494302584030591,1.0,2.0
0.5987037991674471,0.6349791130847292,1.0,2.0
0.46068178837839063,0.8236290115989345,1.0,2.0
0.43238137444121916,0.9197224129704703,1.0,2.0
1.002686737376275,0.005458205122201183,4.0,2.0
0.9937438713627058,0.07923242699381489,4.0,2.0
0.995343610933649,0.28221076351757174,4.0,2.0
0.8025797498290527,0.3712660165190172,4.0,2.0
0.6605118676773826,0.5471831549064214,4.0,2.0
0.6204847764202883,0.6517529198386499,4.0,2.0
0.5070711047956378,0.8256982684841945,4.0,2.0
0.4840898687579937,0.907971544533818,4.0,2.0
0.7305693832658938,0.009471283760760084,2.0,2.0
0.6327472794173138,0.0875386865818692,2.0,2.0
0.5240518670989528,0.2749855839807993,2.0,2.0
0.49859382240753414,0.3713422055735819,2.0,2.0
0.4412410349593195,0.5569960170911559,2.0,2.0
0.4119603118951005,0.6255542918603901,2.0,2.0
0.3491296222076559,0.8159533359561222,2.0,2.0
1.0029837075705121,-0.01916822625951739,5.0,2.0
0.8971076294327717,0.19820033523457284,5.0,2.0
0.9576391765875499,0.2718155600506236,5.0,2.0
0.7733570512289527,0.46740964147771175,5.0,2.0
0.7291247954075916,0.5539750372452804,5.0,2.0
0.4870979667395112,0.7156221877262047,5.0,2.0
0.4707505482496539,0.8425005201563796,5.0,2.0
0.47214958123923545,0.9918729837542986,5.0,2.0
0.9977454034855007,0.009309664472967225,3.0,2.0
1.0001931228061347,0.169569529909678,3.0,2.0
0.9944632921713351,0.27267782388535483,3.0,2.0
1.0122559252118664,0.45616466659520927,3.0,2.0
0.9918989593768047,0.5435593988512458,3.0,2.0
0.8722095958481155,0.7257031622237174,3.0,2.0
0.6348394646555765,0.8179289652670867,3.0,2.0
0.5441286166698592,0.9852050231017058,3.0,2.0
1.003479845012956,-0.01608566081916088,6.0,2.0
0.8974716095591463,0.18082044814347448,6.0,2.0
1.0059498043538968,0.2665937808614275,6.0,2.0
0.7890744756768144,0.4511103589716831,6.0,2.0
0.7171373871094936,0.5499895413781545,6.0,2.0
0.48992569421261667,0.7195814690895571,6.0,2.0
0.5465122678942309,0.8178460348733533,6.0,2.0
0.44681099305677086,0.9813937348372679,6.0,2.0
0.38970627951349657,0.0069080498078903894,1.0,3.0
0.38493707761480356,0.17030135022798576,1.0,3.0
0.35849249959078633,0.2751199003052689,1.0,3.0
0.36096174671713743,0.4704118513702027,1.0,3.0
0.3161299334689719,0.5339677936681381,1.0,3.0
0.3168581578310786,0.7358782382176134,1.0,3.0
0.34845665746032173,0.8196449886057999,1.0,3.0
0.3052155594121896,0.99521230776545,1.0,3.0
0.5995514136918748,0.1752844384417558,4.0,3.0
0.43077798175614074,0.35080708103238095,4.0,3.0
0.37642436261465456,0.44813565904132757,4.0,3.0
0.3542823985121177,0.6400448073858346,4.0,3.0
0.36630683531667013,0.7433091202563697,4.0,3.0
0.33086944535201873,0.9110734069553881,4.0,3.0
0.3526332237282302,1.0009011992067331,4.0,3.0
0.44616413936600907,0.09262048544823233,2.0,3.0
0.39365197587338263,0.18664371759102671,2.0,3.0
0.35998095152401843,0.38026743903823745,2.0,3.0
0.3429871425032616,0.44686548850680063,2.0,3.0
0.3526205709893741,0.6442992569635674,2.0,3.0
0.2868941373364979,0.719979239481835,2.0,3.0
0.2794851495506389,0.9060015611332779,2.0,3.0
0.5798912442484843,0.002029827002358824,5.0,3.0
0.492499988392656,0.1961937603697917,5.0,3.0
0.48432055747525915,0.27661788487148875,5.0,3.0
0.41302666368673996,0.45219849457429584,5.0,3.0
0.3782677143226548,0.532540378598773,5.0,3.0
0.3953251222406751,0.7260267341333044,5.0,3.0
0.36986074658344814,0.8246803293156687,5.0,3.0
0.32787260569010046,1.0059812555217513,5.0,3.0
0.6678786944222026,0.18064024051502153,3.0,3.0
0.4991270378937866,0.351779758882271,3.0,3.0
0.4551001038570539,0.45126291097720916,3.0,3.0
0.4042405686234447,0.6215374575981839,3.0,3.0
0.37228902087631444,0.7252280102775346,3.0,3.0
0.3531840232743683,0.8987602543404791,3.0,3.0
0.36641466331173844,0.991914215076953,3.0,3.0
0.5585647610697891,0.1803490235676534,6.0,3.0
0.5887342989270531,0.2669902164006523,6.0,3.0
0.4875266854080501,0.453012823095241,6.0,3.0
0.4322658836213545,0.5550186846239603,6.0,3.0
0.35005721025687236,0.7445199272500642,6.0,3.0
0.33025725102723136,0.8212131204470167,6.0,3.0
0.3274536215667978,0.9976144963012578,6.0,3.0
0.5259547882236164,0.07978409081422479,1.0,4.0
0.3838727050684815,0.27693158361123343,1.0,4.0
0.3887772903187332,0.3674014628914572,1.0,4.0
0.3493964921553652,0.5501959352563487,1.0,4.0
0.3613946193716803,0.6338445271801735,1.0,4.0
0.3628995428477189,0.8128461761163294,1.0,4.0
0.34947050199102847,0.9185967875342194,1.0,4.0
0.5125595382168384,-0.015399437155498612,4.0,4.0
0.4243296686704863,0.09697533144425552,4.0,4.0
0.4085320106250584,0.3756905884149075,4.0,4.0
0.3900136520463901,0.45673318255055306,4.0,4.0
0.3587216396409337,0.6426390894543211,4.0,4.0
0.3419324960953095,0.7352086119022485,4.0,4.0
0.32971809045655365,0.9014815261107487,4.0,4.0
0.3148375221020084,1.010742842838106,4.0,4.0
0.5368791358914029,0.18785890370755223,2.0,4.0
0.5063505490082135,0.2789849605485427,2.0,4.0
0.4453770674933564,0.44830222052512053,2.0,4.0
0.41239956559061225,0.5355542974544059,2.0,4.0
0.36266757554792994,0.7378899964469408,2.0,4.0
0.3173926341529436,0.8160377458914319,2.0,4.0
0.33052533895440983,0.9828710688344962,2.0,4.0
0.2790407975246581,0.006018665501477031,5.0,4.0
0.28165619952887017,0.2035307229967318,5.0,4.0
0.2583760002262569,0.26745520957847146,5.0,4.0
0.2308439725695685,0.45667531215875273,5.0,4.0
0.2504723042947348,0.5408559457479223,5.0,4.0
0.19576958449083562,0.7283426361367067,5.0,4.0
0.20414012131629958,0.8041987860867099,5.0,4.0
0.2469459713306208,0.09342964836578878,3.0,4.0
0.2422540296851943,0.16025610881860256,3.0,4.0
0.27258213646558405,0.4557637341083934,3.0,4.0
0.27999138651281263,0.5269571931711029,3.0,4.0
0.2557391334404971,0.7102278967067215,3.0,4.0
0.2252198537814181,0.8225018122946366,3.0,4.0
0.22831732783682682,1.0005284884215653,3.0,4.0
0.5985381344088073,-0.004832664249030741,6.0,4.0
0.40979081170695447,0.18449007053319283,6.0,4.0
0.40738324559830497,0.2862240373821327,6.0,4.0
0.4125264600889606,0.4510167348718234,6.0,4.0
0.3218055652353751,0.5535941363068175,6.0,4.0
0.33555067799390104,0.7348218647911943,6.0,4.0
0.3557296273088412,0.8162486015791607,6.0,4.0
0.3287937678532604,0.9973095465096244,6.0,4.0
0.5823808621941292,-0.00895570723415323,1.0,5.0
0.30746974642789204,0.19941444072702055,1.0,5.0
0.29123941725220903,0.24430416710582487,1.0,5.0
0.35710589159947054,0.4541362640026516,1.0,5.0
0.23165172405514897,0.5471454742621716,1.0,5.0
0.2773568128448229,0.7310930536493107,1.0,5.0
0.3109367834149545,0.8203494047731131,1.0,5.0
0.3227677351184599,0.9996110135110307,1.0,5.0
0.5578628305016511,-0.01552293803128654,4.0,5.0
0.4956837140205026,0.18268899376742714,4.0,5.0
0.5272570123634585,0.27174048657844524,4.0,5.0
0.49616579086559737,0.45012816631461167,4.0,5.0
0.4527708023542197,0.5291605275549006,4.0,5.0
0.38725671206244616,0.7170670233395354,4.0,5.0
0.38239159528552524,0.8147956208094667,4.0,5.0
0.3671943266057906,0.9920682304128031,4.0,5.0
0.4199702267318608,0.1791319632570944,2.0,5.0
0.3344673169391757,0.5553525323726629,2.0,5.0
0.3496425813552046,0.6395405203062929,2.0,5.0
0.2778986340446611,0.8935169996983303,2.0,5.0
0.3310685352597491,1.0028100834050473,2.0,5.0
0.4088708262986729,0.08158139335400195,5.0,5.0
0.43316345223290353,0.19226951954906701,5.0,5.0
0.3735442227704262,0.3763092542084289,5.0,5.0
0.38458099118947026,0.44619581134930497,5.0,5.0
0.3380584809222314,0.6362769286073261,5.0,5.0
0.35936394880218686,0.7423352623609449,5.0,5.0
0.32197349041630086,0.9109743247372568,5.0,5.0
0.2998562032410677,1.013377773123438,5.0,5.0
0.48918159951292783,0.1817485182154378,3.0,5.0
0.4390958278480929,0.28188568296658245,3.0,5.0
0.36991152997909427,0.44733594813668714,3.0,5.0
0.3529025330353388,0.5500208053705757,3.0,5.0
0.3438921879398594,0.7375251447583955,3.0,5.0
0.3447605418665042,0.8202151400697577,3.0,5.0
0.2803752569910859,0.9782977376538732,3.0,5.0
0.49810391593393744,0.09627595617609686,6.0,5.0
0.4298201694693874,0.2712833809857087,6.0,5.0
0.3715846817394505,0.3575296543324402,6.0,5.0
0.32950673965582034,0.5528975841673401,6.0,5.0
0.3135312609924249,0.652293741581641,6.0,5.0
0.3597005853972666,0.8300423490066706,6.0,5.0
0.28881648613956334,0.8971639511545613,6.0,5.0
0.306622055734168,0.08107403183940556,1.0,1.0
0.2739658894720511,0.3558994668257508,1.0,1.0
0.24481324954486522,0.6485897240147452,1.0,1.0
0.2486143267768657,0.9173104403585414,1.0,1.0
0.3677666999224016,0.10079103885948272,4.0,1.0
0.31484744537192144,0.37585219296967187,4.0,1.0
0.30923121668082376,0.6264350876365452,4.0,1.0
0.25905874474029356,0.9146138021578701,4.0,1.0
0.28188963544597057,0.06355049211639784,2.0,1.0
0.28103725403266594,0.3736026893378545,2.0,1.0
0.2791674337918528,0.634583566343238,2.0,1.0
0.2315644718839266,0.9157962167653525,2.0,1.0
0.32491442706538626,0.09240348596313638,5.0,1.0
0.3191239004632939,0.36709743714042503,5.0,1.0
0.29965107101904553,0.6241365670925105,5.0,1.0
0.3100122202308108,0.9307784989462353,5.0,1.0
0.34260251336556474,0.10012386188091697,3.0,1.0
0.30692159914566136,0.3656546846961368,3.0,1.0
0.33666858820144285,0.6350923589869567,3.0,1.0
0.30495896978511927,0.8981154414273473,3.0,1.0
0.307349012627279,0.06930752356365787,6.0,1.0
0.23956671189559808,0.36113671722494806,6.0,1.0
0.2798338182594457,0.6447417074706725,6.0,1.0
0.2908362751774333,0.9979494735952794,6.0,1.0
0.9974822609746316,0.1703076444604142,1.0,2.0
0.7823189651973018,0.46055401111803246,1.0,2.0
0.5814830650776461,0.7338106623395628,1.0,2.0
0.4470306011748599,1.0043918187496261,1.0,2.0
0.9964671200944729,0.17988539445029075,4.0,2.0
0.7288664568176784,0.4550356905339316,4.0,2.0
0.5310497158041481,0.7377808159464853,4.0,2.0
0.4403280297626155,0.9952413315863834,4.0,2.0
0.5132720823581577,0.17414198003119147,2.0,2.0
0.49494468671260256,0.4451685886616151,2.0,2.0
0.38906952824032237,0.7303153212482565,2.0,2.0
1.0020768368056858,0.08709515461498815,5.0,2.0
0.722327524792419,0.37735347058602725,5.0,2.0
0.6351195789947183,0.6326000266262962,5.0,2.0
0.4879970933966436,0.9074962833429209,5.0,2.0
1.0044768581594365,0.08055324446677574,3.0,2.0
0.9879791717206025,0.3523129398614747,3.0,2.0
0.8355178004058689,0.6361767649770604,3.0,2.0
0.604656007133232,0.9023220091221406,3.0,2.0
0.9942881530429961,0.08726192462605117,6.0,2.0
0.776941392861918,0.3587598101512789,6.0,2.0
0.6487144600901767,0.6456262628534358,6.0,2.0
0.44097744120402776,0.9092726161366803,6.0,2.0
0.36295240615247876,0.10115054491521121,1.0,3.0
0.35291969304342635,0.3552243783438802,1.0,3.0
0.3068312947043784,0.6327087975738991,1.0,3.0
0.3093962466347442,0.9142776446282335,1.0,3.0
0.49118985444672286,0.2704313777757631,4.0,3.0
0.37284766297521277,0.5587504611782451,4.0,3.0
0.3538971289126563,0.8230840982986963,4.0,3.0
0.5425243046439547,-0.010163053632429104,2.0,3.0
0.4107193220081296,0.2764980795332531,2.0,3.0
0.36737053748471105,0.5457935310857682,2.0,3.0
0.2805669916342051,0.81047899812272,2.0,3.0
0.4841553534485273,0.1006262437135023,5.0,3.0
0.4094563827734839,0.34853061203366903,5.0,3.0
0.28250563551739155,0.6369819163759903,5.0,3.0
0.3082987071176565,0.9147830680152464,5.0,3.0
0.5563962979917652,0.28139195373797793,3.0,3.0
0.4044852270139952,0.5410048685108451,3.0,3.0
0.3762660892789223,0.8097182910511193,3.0,3.0
0.751647885322002,0.10876910181803484,6.0,3.0
0.5133590859762283,0.3459069764601814,6.0,3.0
0.3974829945762386,0.6401360180699299,6.0,3.0
0.32714475264055,0.8991095799355341,6.0,3.0
0.5036434953315085,0.1875674250705659,1.0,4.0
0.3650849837149019,0.45329473867696896,1.0,4.0
0.32310671304635413,0.7173076355007778,1.0,4.0
0.3572551709980347,1.0024459468116644,1.0,4.0
0.42377052684465943,0.1805897972147002,4.0,4.0
0.3511650920717651,0.5237576600440097,4.0,4.0
0.3310396625814534,0.8144386436288773,4.0,4.0
0.5256768713636174,0.07125135846206224,2.0,4.0
0.48489037556317305,0.36042576015717825,2.0,4.0
0.3754891857626767,0.6502664074556116,2.0,4.0
0.32860149640651,0.9117308498049561,2.0,4.0
0.2807416865778676,0.10576479835240193,5.0,4.0
0.2346313169062128,0.36973663198687395,5.0,4.0
0.22630894389396003,0.6267361127585024,5.0,4.0
0.2635731065482788,0.005202579397980468,3.0,4.0
0.22279643181691797,0.2845832874620613,3.0,4.0
0.25065354432985115,0.6494779101548837,3.0,4.0
0.20521297699503607,0.9099315872087883,3.0,4.0
0.4694673219715003,0.09349773477505313,6.0,4.0
0.4101550182864963,0.357703471966539,6.0,4.0
0.3598412318054362,0.642123849766101,6.0,4.0
0.33634531398299133,0.9146976647490906,6.0,4.0
0.4317158207638358,0.08972990127654627,1.0,5.0
0.2891647146457627,0.3487554278403455,1.0,5.0
0.35206674617395983,0.6349429085668999,1.0,5.0
0.31807531810357326,0.9172504750019218,1.0,5.0
0.5426439472000882,0.10150730099422203,4.0,5.0
0.5255865900571833,0.3575434647438504,4.0,5.0
0.4082505265631305,0.622412771526027,4.0,5.0
0.37663533008818434,0.9055181875068452,4.0,5.0
0.3642372780895547,0.3525324728730044,2.0,5.0
0.3249315018549344,0.8262958274422396,2.0,5.0
0.4537343932260585,0.004442480110903167,5.0,5.0
0.389149119586269,0.27133697671212453,5.0,5.0
0.37241046819897955,0.5422792890212684,5.0,5.0
0.3194508717776744,0.8218782173715735,5.0,5.0
0.5187584060248879,0.08293108207862541,3.0,5.0
0.41271291929495346,0.3572432693877527,3.0,5.0
0.3420592600355382,0.6464156068942774,3.0,5.0
0.296486920787971,0.9078427156079077,3.0,5.0
0.44256852159951554,0.18252629017077457,6.0,5.0
0.3412822440923183,0.4521288103115454,6.0,5.0
0.36309215475236706,0.7215716851759041,6.0,5.0
0.32095041064857055,0.9981570202915003,6.0,5.0
0.3538518892337813,-0.006095539616554849,1.0,1.0
0.3178941787123741,0.17555400963655074,1.0,1.0
0.3087614809073669,0.2935952798188582,1.0,1.0
0.27531320881672006,0.4533788980308698,1.0,1.0
0.24900257257360914,0.5480045614887729,1.0,1.0
0.22876412247507386,0.7075466408957102,1.0,1.0
0.2490207646397458,0.8196725436037174,1.0,1.0
0.22660607118963425,1.0144696404251237,1.0,1.0
0.365516805249461,-0.0035893429038029224,4.0,1.0
0.3270900445615111,0.1659903467987855,4.0,1.0
0.346480108273106,0.2775219709329575,4.0,1.0
0.32494222357815317,0.4502768604336336,4.0,1.0
0.3333417862386156,0.5540981271864905,4.0,1.0
0.3127088309925441,0.7243673442528014,4.0,1.0
0.25449562167157513,0.8196241126367713,4.0,1.0
0.24430260448890675,0.9903091434475393,4.0,1.0
0.31781740297868577,0.009047655232577095,2.0,1.0
0.2745198862039176,0.17052340671993224,2.0,1.0
0.29794098387651957,0.269430913140202,2.0,1.0
0.2757454133138981,0.4705117391743959,2.0,1.0
0.26146935902217233,0.5589800587329888,2.0,1.0
0.24962306036106383,0.7412689938609653,2.0,1.0
0.2761490337693341,0.8073074752551771,2.0,1.0
0.25780722612196966,1.0046383248667878,2.0,1.0
0.3277778083270463,0.02047043599005842,5.0,1.0
0.32087595501733585,0.191529168637919,5.0,1.0
0.3161095670031041,0.2585797460210096,5.0,1.0
0.30819367030333117,0.44733992973362213,5.0,1.0
0.32194502157230825,0.5523037466417932,5.0,1.0
0.3246523259133286,0.7337575255410739,5.0,1.0
0.34024756464973427,0.8195699359469415,5.0,1.0
0.28153758230901027,1.0012061215375494,5.0,1.0
0.3520858068019923,-0.006410515410550641,3.0,1.0
0.3344870956107582,0.16631271207321283,3.0,1.0
0.2848077133894525,0.2740539545815139,3.0,1.0
0.3199712979517052,0.4555415951649454,3.0,1.0
0.2905249148815187,0.5438074374019217,3.0,1.0
0.3342510631210858,0.7368908588571607,3.0,1.0
0.3268093028544293,0.8299683814573948,3.0,1.0
0.30721589778189584,1.0051578697886951,3.0,1.0
0.351329313035692,0.00787694668308998,6.0,1.0
0.2947689733605466,0.17993064873757275,6.0,1.0
0.2773542229693917,0.27971755749295735,6.0,1.0
0.27743105781296235,0.44045414464985877,6.0,1.0
0.28359004346379646,0.5598319685540054,6.0,1.0
0.29310914003977934,0.7204547514335989,6.0,1.0
0.29390266922765806,0.9185612519414826,6.0,1.0
0.9934497990343968,0.002014083493816763,1.0,2.0
0.9857040920235911,0.07879267033176142,1.0,2.0
1.006042931151194,0.2918730419455414,1.0,2.0
0.8969101475049899,0.3725818373357722,1.0,2.0
0.6678419962850779,0.5562384522999607,1.0,2.0
0.6261037988865348,0.6222536213675279,1.0,2.0
0.46129050438526903,0.8061046899138585,1.0,2.0
0.4597029207774951,0.9078860074285031,1.0,2.0
0.9908816349341075,0.00196686988739489,4.0,2.0
0.9936679767671653,0.08863316852850346,4.0,2.0
0.9763819944917989,0.281930273939144,4.0,2.0
0.8242236047691722,0.3648529716067997,4.0,2.0
0.6735531105109809,0.5461131678012696,4.0,2.0
0.6443095602399083,0.6308907996865929,4.0,2.0
0.5176772133400889,0.8063857934640539,4.0,2.0
0.4768943122738323,0.9161900055426323,4.0,2.0
0.7075358563012876,0.0015519772403282217,2.0,2.0
0.6171000261722689,0.09363615472831377,2.0,2.0
0.5255143244964122,0.25239957236886046,2.0,2.0
0.4986101213246996,0.3673428941856366,2.0,2.0
0.4292107167954584,0.5548749812911999,2.0,2.0
0.37837182705486594,0.6644101154375529,2.0,2.0
0.3726918858645959,0.8147341127602372,2.0,2.0
0.9971429993349749,-0.019752516644919792,5.0,2.0
0.9057752198442794,0.20505974786630268,5.0,2.0
0.9589509487078908,0.2677015654832925,5.0,2.0
0.7533745172537464,0.44464737711582025,5.0,2.0
0.7516230527063915,0.5392128068119532,5.0,2.0
0.5040006750045214,0.7242143630371315,5.0,2.0
0.47415512118031694,0.8157963909741883,5.0,2.0
0.476118901643247,0.9954931411825544,5.0,2.0
0.9846295895263795,0.0005412596329563526,3.0,2.0
1.011941762437847,0.17957349941297504,3.0,2.0
1.0144476721643552,0.26807682261105126,3.0,2.0
1.0066562428161092,0.43440818196605446,3.0,2.0
1.017587133410082,0.5396922826236357,3.0,2.0
0.8486753680740972,0.7246403058254588,3.0,2.0
0.6376935490555375,0.8252558442351063,3.0,2.0
0.5472753763569231,1.0051574882707546,3.0,2.0
0.9936253954472636,0.001934514830215593,6.0,2.0
0.8863741238172498,0.1820065427578147,6.0,2.0
0.9862427201191538,0.2779676450933277,6.0,2.0
0.8202687011775547,0.4601887818628014,6.0,2.0
0.7123486967643659,0.547428785272387,6.0,2.0
0.5047703868184708,0.7238659014530806,6.0,2.0
0.5645839950837187,0.8134324268161766,6.0,2.0
0.4658700934884561,1.0104984426923143,6.0,2.0
0.35912695168275466,0.0054012781441628134,1.0,3.0
0.35905014946106784,0.17732605966159568,1.0,3.0
0.3770483893388818,0.27353213646717484,1.0,3.0
0.3616609085337451,0.45548964115962653,1.0,3.0
0.3107875770200256,0.558275243653391,1.0,3.0
0.3299912878289488,0.7326242688009154,1.0,3.0
0.35492415231389834,0.8384729592095341,1.0,3.0
0.30301656830893,1.0048675576058077,1.0,3.0
0.6124422431704781,0.18889025393534364,4.0,3.0
0.4319360059607275,0.3715178597625792,4.0,3.0
0.3705693369613051,0.44246929603924307,4.0,3.0
0.35884572405097565,0.6447654150466551,4.0,3.0
0.3511101124049338,0.7293719838303107,4.0,3.0
0.3349546390311867,0.9155048537493562,4.0,3.0
0.3562693951048473,1.0025151192821335,4.0,3.0
0.4532373582595489,0.08390910488002042,2.0,3.0
0.36830170921654976,0.16871137743915807,2.0,3.0
0.3677938982994997,0.36206284039581055,2.0,3.0
0.3576658530339126,0.460074481637812,2.0,3.0
0.35643383894515546,0.6314914261291413,2.0,3.0
0.32904682660991624,0.7208175829939443,2.0,3.0
0.2513418460948314,0.9081141305628433,2.0,3.0
0.5772782744824133,-0.004038079766079189,5.0,3.0
0.4829557354591709,0.18766982745210883,5.0,3.0
0.46208397664982404,0.27238800655787815,5.0,3.0
0.40369584676528597,0.42924790385189987,5.0,3.0
0.388045724293708,0.5353314061183793,5.0,3.0
0.40601246724582707,0.7256319947982367,5.0,3.0
0.3611100823472067,0.8177227740554518,5.0,3.0
0.31653014264394896,0.9999682227314138,5.0,3.0
0.6514186054675183,0.17125654658393946,3.0,3.0
0.5109083179492085,0.38029153860950093,3.0,3.0
0.49517110010085896,0.45918080062037814,3.0,3.0
0.4009193822002909,0.6228807442403175,3.0,3.0
0.3795584331361106,0.7261030912844185,3.0,3.0
0.366036376563829,0.9130863078761118,3.0,3.0
0.35862643068854155,1.0078070443068805,3.0,3.0
0.5718761265909724,0.19655796998463382,6.0,3.0
0.5959910398503138,0.2707552410080907,6.0,3.0
0.4911869669416329,0.45248020756493584,6.0,3.0
0.4238939905215058,0.5594926717320888,6.0,3.0
0.3425246793424904,0.7183464731547137,6.0,3.0
0.35098438180761843,0.8166981370223209,6.0,3.0
0.28747135281618535,1.00494672286181,6.0,3.0
0.4968032948856777,0.09662673903833209,1.0,4.0
0.40910500619152224,0.2817494919403698,1.0,4.0
0.388776075552782,0.3714415276172133,1.0,4.0
0.33692810831105197,0.5297618857759491,1.0,4.0
0.36194483663111243,0.6556490773190256,1.0,4.0
0.3791284103317403,0.8221421733104621,1.0,4.0
0.3652013554800537,0.9284427795548433,1.0,4.0
0.4957162750598626,0.017174644571994368,4.0,4.0
0.4451775341274887,0.10113010591264011,4.0,4.0
0.40571414448712706,0.3497199341032306,4.0,4.0
0.38177587198110846,0.46473853930751946,4.0,4.0
0.3303166328583562,0.6255337151873139,4.0,4.0
0.33324666694655924,0.7230142455233666,4.0,4.0
0.3238226573942722,0.9163353020945487,4.0,4.0
0.3166129197282168,0.9882561479618373,4.0,4.0
0.5248364464928462,0.18275786664619859,2.0,4.0
0.4943951357768128,0.2648624291490019,2.0,4.0
0.4581344328353895,0.4499034026142208,2.0,4.0
0.405616417449195,0.5364855299528385,2.0,4.0
0.3717584116676093,0.7137547115189394,2.0,4.0
0.3041705771812299,0.8186395414287413,2.0,4.0
0.33166394189699067,1.0113665095594817,2.0,4.0
0.2797213886680895,0.0024483661935768963,5.0,4.0
0.2646115929374034,0.16833697395908975,5.0,4.0
0.2466148688247363,0.24515001838012312,5.0,4.0
0.23921540513076534,0.45748662178901384,5.0,4.0
0.23913924928608513,0.5512954590762518,5.0,4.0
0.1956465318835987,0.7381743630977942,5.0,4.0
0.19090105365977575,0.8115215445763903,5.0,4.0
0.23170002234638334,0.08897627303451874,3.0,4.0
0.2627476686614171,0.1796895165524484,3.0,4.0
0.2667413983273798,0.46874189207473277,3.0,4.0
0.25199328617543626,0.552523708006165,3.0,4.0
0.2344516048508687,0.7295779598078544,3.0,4.0
0.23516472100167052,0.8109901648188915,3.0,4.0
0.24426215979191343,0.9892560707200267,3.0,4.0
0.6126057076207805,-0.0004939713892384737,6.0,4.0
0.4261408156519721,0.17820131427416275,6.0,4.0
0.42315264731551205,0.2833933884435207,6.0,4.0
0.4197894973639683,0.43938561279837296,6.0,4.0
0.33440800722280956,0.5551714008861948,6.0,4.0
0.31268905195181385,0.7209897503115902,6.0,4.0
0.35674450014263337,0.8062172736572286,6.0,4.0
0.3418191880402264,1.001670961369283,6.0,4.0
0.5663133108290133,-0.0020216961919450748,1.0,5.0
0.3075119931811046,0.18984487771132733,1.0,5.0
0.2795635898586996,0.26340790373624146,1.0,5.0
0.34707125896897956,0.46917848527567757,1.0,5.0
0.23784836274725688,0.5336716757962446,1.0,5.0
0.280396353065195,0.7221403678656061,1.0,5.0
0.2923847040119303,0.812097941593809,1.0,5.0
0.31481778311332276,1.0055724783968154,1.0,5.0
0.5438829182887177,-0.001449668441653631,4.0,5.0
0.5115869218701765,0.19558857688214917,4.0,5.0
0.5367826036033414,0.25828535466563457,4.0,5.0
0.4982716782465436,0.4682309485765788,4.0,5.0
0.4450184416515768,0.5360793940015354,4.0,5.0
0.381783108007022,0.7171823249321927,4.0,5.0
0.4055507135330558,0.8202875184192678,4.0,5.0
0.3660644278412233,0.9909552291599132,4.0,5.0
0.42789596051373835,0.19346147730503357,2.0,5.0
0.3703459617742043,0.552561808784777,2.0,5.0
0.32462049085598005,0.6369436440364025,2.0,5.0
0.2885381609664877,0.9046464322920569,2.0,5.0
0.3356349695929862,1.0080822243844059,2.0,5.0
0.43441276179383637,0.09630123730165403,5.0,5.0
0.4417380486032283,0.18420254636473768,5.0,5.0
0.38670043079503164,0.3770390286249238,5.0,5.0
0.3611599201089417,0.45908788749674195,5.0,5.0
0.34454887775488274,0.6346650927924007,5.0,5.0
0.3597849941131125,0.7463522977129647,5.0,5.0
0.3221499957703249,0.9083617805966866,5.0,5.0
0.30471103433554825,1.01867862566181,5.0,5.0
0.4786028649027065,0.1763005184309169,3.0,5.0
0.44150856675189504,0.2671039845524208,3.0,5.0
0.3755195517681467,0.46465338825335617,3.0,5.0
0.3649233548931624,0.5365569143610353,3.0,5.0
0.3267087687463112,0.7283674681447143,3.0,5.0
0.3527692852027563,0.8180590266736791,3.0,5.0
0.2879750018959824,0.9927138258326512,3.0,5.0
0.5040742172803508,0.09409398855025333,6.0,5.0
0.40431885909127213,0.2703021748218261,6.0,5.0
0.34869781757301116,0.3659384781074651,6.0,5.0
0.33199872629312865,0.5570160026092946,6.0,5.0
0.29907465581473425,0.649078068926271,6.0,5.0
0.350715626133736,0.8229972730339384,6.0,5.0
0.3055980700111088,0.9079420541953291,6.0,5.0
0.30942557615296323,0.08808535142443383,1.0,1.0
0.2757852301369276,0.3569412095864051,1.0,1.0
0.25699318154631723,0.6353667377236396,1.0,1.0
0.2517856735028355,0.9063930386735384,1.0,1.0
0.36296910464000487,0.08451833883359945,4.0,1.0
0.3449631645457592,0.3804484746087522,4.0,1.0
0.2905477268319251,0.6317787179847386,4.0,1.0
0.2387674985352825,0.9172061420339811,4.0,1.0
0.2992955334305181,0.0974476028923101,2.0,1.0
0.2712915852630576,0.3589303956473013,2.0,1.0
0.2803631901998073,0.653223326677775,2.0,1.0
0.2326778993407022,0.9104331581020157,2.0,1.0
0.3183141748610923,0.08675653121739592,5.0,1.0
0.3089325276282108,0.3639358420518381,5.0,1.0
0.30136649435957047,0.6400695073628208,5.0,1.0
0.29733492349598695,0.9254576116395341,5.0,1.0
0.34251615778689,0.09938839213695091,3.0,1.0
0.30135003290576695,0.3518371602176384,3.0,1.0
0.31626746799172856,0.6381488662714873,3.0,1.0
0.3197846579439567,0.9118386922506609,3.0,1.0
0.2958442137935419,0.10223247195310203,6.0,1.0
0.2543750684286324,0.3751526400601197,6.0,1.0
0.27815232268246876,0.6276024599620049,6.0,1.0
0.29019618727830676,0.9924867585618358,6.0,1.0
0.9972711011655541,0.1882063407367396,1.0,2.0
0.8004918352511523,0.4713817552984798,1.0,2.0
0.5953418030623713,0.7268547743604966,1.0,2.0
0.42406273709493963,0.9950975703343693,1.0,2.0
0.9866760192989054,0.18555665437583638,4.0,2.0
0.7251450175513682,0.46927686025258636,4.0,2.0
0.5369896887834599,0.7445704715802094,4.0,2.0
0.4560930847505173,0.9954475620739289,4.0,2.0
0.5224553138924407,0.1841596610198928,2.0,2.0
0.4926007915672512,0.45518916590509145,2.0,2.0
0.37964883169973135,0.7444773604315751,2.0,2.0
0.986548757464235,0.08300184886086757,5.0,2.0
0.7101124178389857,0.37083355849040395,5.0,2.0
0.6205632193866507,0.6645560127204816,5.0,2.0
0.46387143319211765,0.9149747736865737,5.0,2.0
1.0003078037120718,0.0905740250275247,3.0,2.0
1.0008667018743476,0.35371071350846817,3.0,2.0
0.8552279495134452,0.6223907125240217,3.0,2.0
0.6116192682836882,0.9132556852946565,3.0,2.0
0.9863396268169894,0.08362064723919378,6.0,2.0
0.7627868109318657,0.3688578680737477,6.0,2.0
0.6598752493611365,0.6330192741850892,6.0,2.0
0.4579877424053537,0.9181559946499389,6.0,2.0
0.3794786936653601,0.08430490128618631,1.0,3.0
0.339060140601449,0.3553785975605724,1.0,3.0
0.31238118837959505,0.642570434546104,1.0,3.0
0.3104692181186106,0.9012302029375435,1.0,3.0
0.4877033397568587,0.25814837938458013,4.0,3.0
0.36799127888037336,0.5535990753321831,4.0,3.0
0.34500351289419035,0.8049529517699625,4.0,3.0
0.5291020873902352,0.025483362719915338,2.0,3.0
0.4122627940616682,0.25142305075712024,2.0,3.0
0.3681932186802482,0.5442926963462359,2.0,3.0
0.26482790636114995,0.8149422217266689,2.0,3.0
0.5051523013040381,0.09934435816745567,5.0,3.0
0.4316697041361548,0.36423107676126415,5.0,3.0
0.2672455390922962,0.6295340468557737,5.0,3.0
0.29905004722087847,0.9006483995628664,5.0,3.0
0.5485056629719633,0.2687301276401256,3.0,3.0
0.41980829346977205,0.5379364404272823,3.0,3.0
0.3802263165184187,0.8140244335300102,3.0,3.0
0.7542516403480524,0.10051965857364,6.0,3.0
0.5106267123931955,0.36372680110244565,6.0,3.0
0.42381592345770247,0.6245419564695356,6.0,3.0
0.3162807443894733,0.9003352631008872,6.0,3.0
0.4649892975253234,0.16748761830038927,1.0,4.0
0.3880406173592564,0.4324790531592863,1.0,4.0
0.29417840065809,0.7216802542847457,1.0,4.0
0.3562302329758478,1.010541358453516,1.0,4.0
0.41831014569657804,0.16875774795968387,4.0,4.0
0.34954480189145587,0.5538441469662948,4.0,4.0
0.3201790184497674,0.8219663617568623,4.0,4.0
0.5052143725815467,0.09701183279247506,2.0,4.0
0.4743355995465128,0.37049658552581943,2.0,4.0
0.3636973702202597,0.6164484782686847,2.0,4.0
0.31890817461766174,0.9041926202155898,2.0,4.0
0.27532349212519025,0.0960242464112053,5.0,4.0
0.25676504837667885,0.3546865797441972,5.0,4.0
0.21983443867069302,0.6280103641230557,5.0,4.0
0.2587161625772465,0.0016985013734883093,3.0,4.0
0.22747685158128914,0.2760646274899709,3.0,4.0
0.26702486324266383,0.6363524497544837,3.0,4.0
0.21136962118438396,0.9262139884203059,3.0,4.0
0.47756244025773964,0.09408559894496099,6.0,4.0
0.4050192498019064,0.37518396681430477,6.0,4.0
0.34214014979507185,0.6269141500013561,6.0,4.0
0.3456630934198303,0.923111255205794,6.0,4.0
0.45540921797145206,0.0963906032554677,1.0,5.0
0.28746797484007064,0.3550699563233102,1.0,5.0
0.3436159195657123,0.6433362992875538,1.0,5.0
0.33755325752602683,0.9078094604250075,1.0,5.0
0.5243097611782267,0.09558162953352348,4.0,5.0
0.5138470871348496,0.3595679933078953,4.0,5.0
0.4076585808419584,0.6377871029306124,4.0,5.0
0.3794075894748835,0.8971710387066043,4.0,5.0
0.3679701154148444,0.36552955882653726,2.0,5.0
0.3220518425074179,0.8391899882280329,2.0,5.0
0.4691228093704624,-0.0020249218027588536,5.0,5.0
0.39617288055344574,0.2816985369068266,5.0,5.0
0.37163923461885273,0.5521083687787945,5.0,5.0
0.3185878053932573,0.82669875570322,5.0,5.0
0.5124723641866773,0.09292264134725799,3.0,5.0
0.39989702075518907,0.36804264497731776,3.0,5.0
0.3420323245273589,0.6251613823692215,3.0,5.0
0.3309998842414058,0.9314882683852814,3.0,5.0
0.4365015177572968,0.18479624935752603,6.0,5.0
0.3459156295133289,0.4642401376931236,6.0,5.0
0.37294259619592907,0.71024461911524,6.0,5.0
0.33019537653363285,0.9996331868646828,6.0,5.0
0.33924036264601853,-0.004065910157513397,1.0,1.0
0.32175771565881894,0.1636659775595221,1.0,1.0
0.2746400732498126,0.28020664888347435,1.0,1.0
0.25819450375235914,0.4515264187239778,1.0,1.0
0.26322459381716107,0.5454118155879976,1.0,1.0
0.24537124754668674,0.7163757220223752,1.0,1.0
0.26359802174914976,0.8135221612116674,1.0,1.0
0.23085133736449975,1.0061823404348922,1.0,1.0
0.32147266928544627,-0.003804558299896998,4.0,1.0
0.32147369988345975,0.19200737194893253,4.0,1.0
0.33619111776056126,0.27234732292972924,4.0,1.0
0.33298284689118307,0.4617016201210167,4.0,1.0
0.3367547961654515,0.5515488580077552,4.0,1.0
0.30340391898721225,0.7401840943276616,4.0,1.0
0.2537332647209,0.8208896942272654,4.0,1.0
0.22258797545562065,0.9974635881311937,4.0,1.0
0.3130365179504411,0.0015546961544951022,2.0,1.0
0.2624056358357842,0.19531189910031105,2.0,1.0
0.30723709776556407,0.27727498740209133,2.0,1.0
0.2801924280885392,0.4434436933263818,2.0,1.0
0.24603543033867745,0.5493941298833851,2.0,1.0
0.25500161704447505,0.71023878806593,2.0,1.0
0.3057488649535048,0.8145258320366946,2.0,1.0
0.2893207037023339,0.9924029454135535,2.0,1.0
0.32448606779165134,0.0013220784971930848,5.0,1.0
0.3013945562915772,0.1919170243937203,5.0,1.0
0.3080060323245751,0.2752024189402528,5.0,1.0
0.3046693861728918,0.461333166671316,5.0,1.0
0.33796404130047236,0.5606623085896255,5.0,1.0
0.3087387810193933,0.7286670457071553,5.0,1.0
0.34197743928519275,0.8066846976946417,5.0,1.0
0.2693566810263855,1.0104760596756064,5.0,1.0
0.34528523815736123,-0.00774615112158176,3.0,1.0
0.34983192716229156,0.18549531163607977,3.0,1.0
0.27836069213101666,0.2730040878385548,3.0,1.0
0.3210496456542222,0.45209380659329074,3.0,1.0
0.30587266529155843,0.5528653258031538,3.0,1.0
0.32203072033675284,0.7247404955351285,3.0,1.0
0.3299084986936023,0.8135667752493276,3.0,1.0
0.30302189655691725,0.998206002627245,3.0,1.0
0.3498975715060971,0.005415801763208179,6.0,1.0
0.2924499178603708,0.18828429922946702,6.0,1.0
0.29190095768800983,0.2602291896198521,6.0,1.0
0.2673452560841327,0.4339684982500106,6.0,1.0
0.28781393695177165,0.5589955932756848,6.0,1.0
0.2961991861175111,0.7269240734522446,6.0,1.0
0.30157977292100613,0.9025846470277392,6.0,1.0
0.9995322802546321,0.013284224071036552,1.0,2.0
0.9847979404881438,0.08482718923246989,1.0,2.0
1.0043249311848221,0.2867748445600098,1.0,2.0
0.9297151743165409,0.3918529621198883,1.0,2.0
0.6673192760447033,0.5630266008135463,1.0,2.0
0.588126577623912,0.6243914941946552,1.0,2.0
0.4652998136066481,0.8046503805683106,1.0,2.0
0.42466294824659107,0.9096554943810932,1.0,2.0
1.0064400049565372,-0.01233276312309222,4.0,2.0
0.9912245045940973,0.07242369202008707,4.0,2.0
0.9802813830026623,0.2500489108506755,4.0,2.0
0.810659471586272,0.3468219334030596,4.0,2.0
0.6611006900448669,0.5408498624062078,4.0,2.0
0.6288559204280348,0.6477268722789202,4.0,2.0
0.5125565856505444,0.8277612764622563,4.0,2.0
0.4733545299825732,0.9147646076814107,4.0,2.0
0.7185630480926272,0.003961318316090465,2.0,2.0
0.6275240896902569,0.07808933973323569,2.0,2.0
0.5395189894238238,0.26696819948796247,2.0,2.0
0.49615533775237536,0.3638241064321459,2.0,2.0
0.43117056310091484,0.5344551519346569,2.0,2.0
0.4016730172995021,0.6302949101569707,2.0,2.0
0.36258799812197945,0.8215609402680718,2.0,2.0
0.9934294620154003,-0.01506856136311988,5.0,2.0
0.9073734227255673,0.19409843058791595,5.0,2.0
0.954779387879984,0.2882838870649653,5.0,2.0
0.7616830634231041,0.4433972279260928,5.0,2.0
0.7348186870860137,0.5336801839459817,5.0,2.0
0.47093643673743185,0.7441726071712261,5.0,2.0
0.4715498414629338,0.8329317994181171,5.0,2.0
0.462675053974997,1.0033281777037777,5.0,2.0
0.9854621277589843,0.010279869710368294,3.0,2.0
0.9943843007510567,0.18678783067481328,3.0,2.0
1.0005455162965147,0.29632534597494226,3.0,2.0
1.0154211893515743,0.4510663743231283,3.0,2.0
1.0084453265627644,0.5408304871792715,3.0,2.0
0.8438638954488947,0.7156059153233856,3.0,2.0
0.6289896414028211,0.8076138830859211,3.0,2.0
0.5532042451917437,1.0010832668930085,3.0,2.0
0.9960722018102678,0.004112212122850542,6.0,2.0
0.9021687466240097,0.16861929318216756,6.0,2.0
1.0073014336833168,0.28448324075088444,6.0,2.0
0.8050884909177028,0.465905776637334,6.0,2.0
0.7139426342317587,0.5421342251649066,6.0,2.0
0.5060067638383199,0.7516876794745049,6.0,2.0
0.572803127013852,0.8274515818333245,6.0,2.0
0.4518803095951886,1.0099662980111708,6.0,2.0
0.3946989068846704,0.028839122976457916,1.0,3.0
0.3497872338409528,0.18559050276346334,1.0,3.0
0.3581355169116106,0.2794033975458793,1.0,3.0
0.35370777202714293,0.45527586413600535,1.0,3.0
0.32097805068564317,0.5448211264044103,1.0,3.0
0.3170353773003608,0.7426417003953606,1.0,3.0
0.33742300767096284,0.8011540529300212,1.0,3.0
0.3177500221431354,0.9946757207405031,1.0,3.0
0.6278602269597258,0.17356154111890604,4.0,3.0
0.41213815731205417,0.3769635879303209,4.0,3.0
0.3916320510552397,0.46034508853784223,4.0,3.0
0.3633269649020014,0.6266929434600569,4.0,3.0
0.34801342667450236,0.731228978027952,4.0,3.0
0.3423499805002675,0.901476207206997,4.0,3.0
0.343842869426011,0.998668491974161,4.0,3.0
0.4460504525634776,0.11165297156699601,2.0,3.0
0.3857451886203594,0.18868163786233427,2.0,3.0
0.3566733356181995,0.34603294218000896,2.0,3.0
0.3583300793604231,0.4604554726012678,2.0,3.0
0.3577290789226093,0.6307903813428112,2.0,3.0
0.30673187942553676,0.72024034878913,2.0,3.0
0.25099429649097377,0.8813140309721278,2.0,3.0
0.5720583050284594,0.0019491234496393332,5.0,3.0
0.47546906751704304,0.1855302567107514,5.0,3.0
0.4703621952571198,0.26974441389996284,5.0,3.0
0.401610096729277,0.4426871831822933,5.0,3.0
0.3741354167606757,0.5457650982684918,5.0,3.0
0.3767865231018004,0.7213432274075803,5.0,3.0
0.3527007553657673,0.8212215085016096,5.0,3.0
0.3221034770163588,0.9958937384013774,5.0,3.0
0.6749346219752648,0.17509857678760615,3.0,3.0
0.5295673455893022,0.3761233318713108,3.0,3.0
0.47979437585034856,0.4499736052010214,3.0,3.0
0.4010866656317799,0.6562981690073214,3.0,3.0
0.346722346358595,0.7375642352013283,3.0,3.0
0.35547530868133964,0.9260222045526724,3.0,3.0
0.33881727587759775,0.9974189668155007,3.0,3.0
0.573472491885355,0.18214229992913647,6.0,3.0
0.5838623896112367,0.269504627513867,6.0,3.0
0.48125439083870003,0.46207531801269247,6.0,3.0
0.42318558101390674,0.5300605300344052,6.0,3.0
0.3423988608803749,0.7224717728843778,6.0,3.0
0.33507717126931685,0.8147084343851516,6.0,3.0
0.30594744201394103,1.0085421974413509,6.0,3.0
0.5066366429078585,0.09021136903760026,1.0,4.0
0.4100720298457435,0.27122865663806434,1.0,4.0
0.39517003074342033,0.35085434881842903,1.0,4.0
0.3387482334268213,0.548241322421393,1.0,4.0
0.3511102681923435,0.6250391347107047,1.0,4.0
0.36958808087786726,0.8155272533454017,1.0,4.0
0.34844439434316976,0.9120021194464218,1.0,4.0
0.5105470294159438,0.007496385592176719,4.0,4.0
0.4417229392352152,0.10286341505742291,4.0,4.0
0.3847199145413028,0.38197272234534607,4.0,4.0
0.36864234407533025,0.4425359060801614,4.0,4.0
0.3523212312331648,0.6480541545425633,4.0,4.0
0.33357662050777775,0.7397578655250855,4.0,4.0
0.33063862634046026,0.9284592023429105,4.0,4.0
0.3041204159752613,1.00650305963476,4.0,4.0
0.5432915911054449,0.17765577318030198,2.0,4.0
0.5207264872625077,0.2670196681605006,2.0,4.0
0.4470087996004636,0.4629796990850319,2.0,4.0
0.4070942929797047,0.5355830436445724,2.0,4.0
0.36514934882808514,0.7123398516866425,2.0,4.0
0.3038397816435385,0.8219506772948174,2.0,4.0
0.3274988786295068,1.007098291006063,2.0,4.0
0.27920621669185125,0.013728938395533779,5.0,4.0
0.2794256764294514,0.1820916569631047,5.0,4.0
0.26297442286512757,0.2625993483966198,5.0,4.0
0.22566096497820556,0.45434351961431596,5.0,4.0
0.23211941491679436,0.5401383001112008,5.0,4.0
0.20014257578224126,0.727733948208546,5.0,4.0
0.21388243438380078,0.8240738671172202,5.0,4.0
0.26427659670069914,0.08480687919821885,3.0,4.0
0.2621798060175842,0.1771287977400347,3.0,4.0
0.27986752327877323,0.45243790087624114,3.0,4.0
0.23049695135074902,0.5457551922275609,3.0,4.0
0.22473530584054338,0.7466496460029659,3.0,4.0
0.23031428345075933,0.8263228369276288,3.0,4.0
0.24202051369665206,0.9990619016682711,3.0,4.0
0.6030562770428786,0.005012906123591201,6.0,4.0
0.4175774222033995,0.17670284791098595,6.0,4.0
0.41507280619869685,0.29030819548793235,6.0,4.0
0.3958004066954574,0.4607280866533616,6.0,4.0
0.3359390186801381,0.5439790611202221,6.0,4.0
0.3339587850079826,0.7414816248053046,6.0,4.0
0.356931101597887,0.8050176926073362,6.0,4.0
0.3401287145695469,1.0004524087063238,6.0,4.0
0.5796431462871345,-0.004864625467326182,1.0,5.0
0.3045676733119266,0.18300046043963214,1.0,5.0
0.26333423290770464,0.2818643644836746,1.0,5.0
0.3405492813092256,0.4623292404851581,1.0,5.0
0.23789166728251404,0.5478292348283382,1.0,5.0
0.2770292811242508,0.7203449968583547,1.0,5.0
0.3118755514899418,0.8394028261025076,1.0,5.0
0.31899369954805323,1.0002473803423002,1.0,5.0
0.5677380045403003,0.0029247998398692415,4.0,5.0
0.502262795604079,0.1920113846805467,4.0,5.0
0.5444644788402383,0.27430055344683457,4.0,5.0
0.49268121769837414,0.45701023051989337,4.0,5.0
0.4463164836467898,0.5574331419701485,4.0,5.0
0.38172431084563746,0.7092533459415944,4.0,5.0
0.3835622473745024,0.8121887834966166,4.0,5.0
0.3553985542388121,1.0098181601340641,4.0,5.0
0.42201625734389286,0.18142726004637613,2.0,5.0
0.3572110028905565,0.5351263895726178,2.0,5.0
0.33428155895509254,0.659661327381382,2.0,5.0
0.30096702445886175,0.9117740142980666,2.0,5.0
0.3498817333148106,1.0024970847537364,2.0,5.0
0.420917615870249,0.0861526269593668,5.0,5.0
0.41091261679619573,0.18567207356790363,5.0,5.0
0.3638470152288777,0.37109750513598144,5.0,5.0
0.3754459366444604,0.4518690794938088,5.0,5.0
0.3360420577444588,0.6349768206547491,5.0,5.0
0.34067505873753195,0.7356457308542782,5.0,5.0
0.3118675279570281,0.906212937240703,5.0,5.0
0.28399039461407033,0.9909684899301088,5.0,5.0
0.4772974649320122,0.17418979995250433,3.0,5.0
0.45470227363241544,0.27407414105954575,3.0,5.0
0.38794796303201257,0.45423571773839283,3.0,5.0
0.3617813686007957,0.5409904893957451,3.0,5.0
0.336771006939533,0.7208738982447882,3.0,5.0
0.3539890730556213,0.8082272791845121,3.0,5.0
0.29428554263141893,1.0019152255137949,3.0,5.0
0.5018204829934516,0.09451759911839303,6.0,5.0
0.4111305382558737,0.2820112898043028,6.0,5.0
0.38130464601330477,0.3349225354750347,6.0,5.0
0.3174251751205932,0.5531745592396415,6.0,5.0
0.29661542000417146,0.6382473733348215,6.0,5.0
0.35005426233172093,0.8310172444304532,6.0,5.0
0.3075889057029249,0.8957836607888592,6.0,5.0
0.3128099390445307,0.07413526052630763,1.0,1.0
0.25791546845685615,0.3708956177767881,1.0,1.0
0.2663368150286459,0.6520166113310676,1.0,1.0
0.24882988197409442,0.9168376965375877,1.0,1.0
0.3713754324439427,0.11330340883412925,4.0,1.0
0.31085939617795,0.3390083984626862,4.0,1.0
0.2811107230736453,0.6190624154729965,4.0,1.0
0.2368126221548062,0.9220224512320739,4.0,1.0
0.2918086876746357,0.09037667021140093,2.0,1.0
0.2811623880153243,0.37336731386912614,2.0,1.0
0.3117383895549734,0.6406617452378289,2.0,1.0
0.24879112854073437,0.9180531655930102,2.0,1.0
0.32213945679533057,0.0984302213873101,5.0,1.0
0.3094746466589954,0.3561073209703796,5.0,1.0
0.303474846383512,0.6324407887671348,5.0,1.0
0.3065421370081561,0.89978101400715,5.0,1.0
0.340736773631908,0.07562094320742714,3.0,1.0
0.29647457112765263,0.3550630079947444,3.0,1.0
0.3347294333559285,0.6326679898925798,3.0,1.0
0.30259385243370246,0.9045542269878157,3.0,1.0
0.3024343059372241,0.08032061930893636,6.0,1.0
0.2487790436740992,0.3512982306807936,6.0,1.0
0.2694402929755041,0.6269072094027517,6.0,1.0
0.29236098969624236,0.992595773818977,6.0,1.0
1.000672313135483,0.1876901588662521,1.0,2.0
0.7788966659702492,0.4659490944934068,1.0,2.0
0.5967399242517314,0.7196235736488441,1.0,2.0
0.45661065551264524,0.9986031778819889,1.0,2.0
0.9981006931694636,0.1830109193927268,4.0,2.0
0.7256602479615049,0.44844782709850767,4.0,2.0
0.5319654258920208,0.7336665324724502,4.0,2.0
0.44494864968082115,1.0116299445837098,4.0,2.0
0.5082156479061376,0.19658965941632753,2.0,2.0
0.4936391102483352,0.46111674764899646,2.0,2.0
0.3701079481949595,0.7357018937763043,2.0,2.0
1.0032829792275433,0.085047454340895,5.0,2.0
0.705771100385306,0.3617299089024772,5.0,2.0
0.6217405968345608,0.6363001871987526,5.0,2.0
0.4865581173184674,0.917341800972406,5.0,2.0
1.0005353183846328,0.09492156728211121,3.0,2.0
0.9763598538569678,0.3601601756083986,3.0,2.0
0.8575343716012752,0.627416350947819,3.0,2.0
0.6031611271602881,0.9087446653411217,3.0,2.0
0.9814254999733671,0.09696249271254924,6.0,2.0
0.7833778642514626,0.3555503305075821,6.0,2.0
0.6658473616346795,0.6440593006582127,6.0,2.0
0.44328517446251464,0.904105675956936,6.0,2.0
0.36900559806666644,0.09734913401310226,1.0,3.0
0.3348214814227532,0.3574984975867222,1.0,3.0
0.30678429272458296,0.6374688391466559,1.0,3.0
0.28776408980730905,0.9097765229727791,1.0,3.0
0.5023697636991128,0.28928740547834314,4.0,3.0
0.37616081987785627,0.5509670376937066,4.0,3.0
0.3427590212254732,0.8234933336796484,4.0,3.0
0.5489816571144948,0.003744932875192918,2.0,3.0
0.4111018146520022,0.2811224917070407,2.0,3.0
0.34701975981914573,0.5466099159247358,2.0,3.0
0.26164894217699697,0.8239486228668824,2.0,3.0
0.48100137023154144,0.08358880000079039,5.0,3.0
0.4499797293017047,0.37763386630919193,5.0,3.0
0.2762200631325981,0.6222643673299125,5.0,3.0
0.292869425484409,0.9204898215652526,5.0,3.0
0.5434620762939457,0.28775647023713763,3.0,3.0
0.4237524170751131,0.5441749566927742,3.0,3.0
0.38270738706303864,0.8256406718985462,3.0,3.0
0.7441809168389394,0.10887306665948303,6.0,3.0
0.5120559234416566,0.35264777169705724,6.0,3.0
0.41053062601032464,0.6387854783891662,6.0,3.0
0.32098818759713404,0.9201761380912389,6.0,3.0
0.47560694498818795,0.18547746472385873,1.0,4.0
0.3765890670774954,0.46883547997759567,1.0,4.0
0.29856767411257296,0.7209750530690575,1.0,4.0
0.3657691678261194,0.9963598952952403,1.0,4.0
0.4149378369909306,0.1781329154776219,4.0,4.0
0.35926737542527243,0.5389800791360222,4.0,4.0
0.33219066463388053,0.813131049505916,4.0,4.0
0.5084747528586684,0.10907855953758366,2.0,4.0
0.4834332642335436,0.355741007471257,2.0,4.0
0.3629148584942352,0.6276486181693289,2.0,4.0
0.3194048349523144,0.9100867787424666,2.0,4.0
0.27890487926858504,0.07884563852086723,5.0,4.0
0.2592914055629471,0.3612651767400087,5.0,4.0
0.23021875823133664,0.629877536236564,5.0,4.0
0.26112103263184094,0.002254819961134548,3.0,4.0
0.20854059527095178,0.26919433123490155,3.0,4.0
0.2514459981176791,0.642886943512539,3.0,4.0
0.2147400869598587,0.9104066124191437,3.0,4.0
0.46818535053648597,0.07950708499433805,6.0,4.0
0.41677506245566537,0.36932848860131,6.0,4.0
0.3479026216936175,0.6246365803768341,6.0,4.0
0.3491507837011727,0.9163617667610731,6.0,4.0
0.4536458293871683,0.0992054786701706,1.0,5.0
0.28879795651568185,0.3625077332298408,1.0,5.0
0.34564544998848507,0.6403005684069594,1.0,5.0
0.3205211035075859,0.9041886111839809,1.0,5.0
0.5486477533369954,0.09715070107634058,4.0,5.0
0.5111576478487613,0.3857014311748638,4.0,5.0
0.3984796161967637,0.6441340608613727,4.0,5.0
0.3849385763145614,0.912699064789961,4.0,5.0
0.36875118007645835,0.3754467885571718,2.0,5.0
0.3152547498131932,0.8171597606455031,2.0,5.0
0.4518212071788964,0.01648641771685538,5.0,5.0
0.39148756321625594,0.2632162637582118,5.0,5.0
0.3622309751248871,0.5394284296797168,5.0,5.0
0.32459425152859633,0.8115190025739158,5.0,5.0
0.527590841454216,0.08617396384563265,3.0,5.0
0.38759612104664476,0.36190594814367166,3.0,5.0
0.3337322303880048,0.6454133529648047,3.0,5.0
0.30966235207150206,0.9079477096206039,3.0,5.0
0.43800442717075594,0.16984098984286897,6.0,5.0
0.34409171803520766,0.4698266617032441,6.0,5.0
0.3540447997494266,0.7206517568585342,6.0,5.0
0.3232346785042849,1.0017816740226135,6.0,5.0
0.3410776177947069,0.0065297331474421984,1.0,1.0
0.3132936863152515,0.18166068921669434,1.0,1.0
0.27979710761524096,0.2756489677612524,1.0,1.0
0.25208620689543804,0.4609938833434623,1.0,1.0
0.2525266436915738,0.5450188068725372,1.0,1.0
0.24834120217784664,0.7364264662961776,1.0,1.0
0.251508953163266,0.8085274534648276,1.0,1.0
0.22965923283415351,1.0067597757301032,1.0,1.0
0.36290035514249114,-0.00851301357783439,4.0,1.0
0.3250396826671703,0.17867372535776951,4.0,1.0
0.32525656147590354,0.27479000778158363,4.0,1.0
0.3535958310093165,0.45512219464438936,4.0,1.0
0.3329933653778153,0.5572250983670457,4.0,1.0
0.3092357073511877,0.7318048462126718,4.0,1.0
0.24857807835810636,0.7993171433535304,4.0,1.0
0.23253605879601066,1.0164644755741534,4.0,1.0
0.3189098670245091,-0.005705264683916096,2.0,1.0
0.2679395434383216,0.18087866125576954,2.0,1.0
0.32820223709074375,0.25933812998179034,2.0,1.0
0.28653173541837335,0.451053272108407,2.0,1.0
0.2725393955078564,0.5435451901999387,2.0,1.0
0.2573778061723635,0.7327960761729483,2.0,1.0
0.28261871279697426,0.8192664775921987,2.0,1.0
0.27466650436184614,0.9997812578713973,2.0,1.0
0.3256201365233666,-0.011121883112862104,5.0,1.0
0.29899473736246734,0.17608825527411173,5.0,1.0
0.2949692841824348,0.2583313743432968,5.0,1.0
0.30752781743980656,0.4292405283715294,5.0,1.0
0.3160450065732849,0.523394371771194,5.0,1.0
0.30957264419319824,0.7269387534827516,5.0,1.0
0.326390598045589,0.8157814944237787,5.0,1.0
0.2718476749422432,1.0059446528589078,5.0,1.0
0.3322396722325519,-0.008230245814425042,3.0,1.0
0.33214004994268986,0.1697804173701245,3.0,1.0
0.29039069424104424,0.26919126164320184,3.0,1.0
0.33496804256509805,0.4491700529392211,3.0,1.0
0.29008888248900094,0.5515950269657536,3.0,1.0
0.3173650266309066,0.7249544674345965,3.0,1.0
0.3356782061735256,0.8256598531968968,3.0,1.0
0.2943861942317605,0.9991175275522364,3.0,1.0
0.33160589481024816,0.002747547926288642,6.0,1.0
0.2942186860065266,0.16401786907479413,6.0,1.0
0.27926379701709964,0.2656702007198232,6.0,1.0
0.27063268945408564,0.46202588164521774,6.0,1.0
0.29942648152728424,0.5380577746597554,6.0,1.0
0.2696292215844846,0.7169825387649917,6.0,1.0
0.30117801702099534,0.9283104250383061,6.0,1.0
0.9947847308689092,-0.01557431798891087,1.0,2.0
1.0021495467724284,0.08752162378970745,1.0,2.0
1.0007918782914498,0.29984940248292913,1.0,2.0
0.8922524537379062,0.37079740204084666,1.0,2.0
0.6786667639843141,0.5502722899818261,1.0,2.0
0.613737445438266,0.6393765609306463,1.0,2.0
0.4455136028285323,0.8141747472653247,1.0,2.0
0.4449540856750619,0.9111291014866064,1.0,2.0
1.020474013833013,-0.017703416034604787,4.0,2.0
0.9849164995061713,0.10485972971485398,4.0,2.0
0.9731321367499429,0.2602425354527128,4.0,2.0
0.8091619118630101,0.3647474342645644,4.0,2.0
0.6637925526197938,0.565565058780188,4.0,2.0
0.6356651415648726,0.6397946781402334,4.0,2.0
0.5050520269400558,0.8344827105006021,4.0,2.0
0.4804654396627146,0.917962617678989,4.0,2.0
0.7143857698516004,0.020068749267245757,2.0,2.0
0.6214140817108023,0.07807671173517756,2.0,2.0
0.5151986587406137,0.28442392511770054,2.0,2.0
0.5036797396686519,0.3509128778136294,2.0,2.0
0.44438296780985653,0.5540997601282979,2.0,2.0
0.39911354998692866,0.6364022271784994,2.0,2.0
0.36991592106401383,0.8152794908384843,2.0,2.0
1.0080781183207386,-0.002978860876470419,5.0,2.0
0.9063074494963742,0.19461978310702555,5.0,2.0
0.963970129410793,0.27499287278017354,5.0,2.0
0.7530082086674397,0.46869366465384726,5.0,2.0
0.735634856100794,0.5520941527301249,5.0,2.0
0.4923752877370705,0.7234696059322201,5.0,2.0
0.4755736613362374,0.8191301859661707,5.0,2.0
0.4674606076808337,0.9864730040961209,5.0,2.0
0.9973710085922005,-0.0036051894236927796,3.0,2.0
0.992403644227815,0.1776264502874739,3.0,2.0
0.9986105450816681,0.27185972351258436,3.0,2.0
1.01268966292941,0.4535250552998899,3.0,2.0
0.987146383878117,0.5434355488452284,3.0,2.0
0.8459252738686445,0.7256413848472454,3.0,2.0
0.6261175878468042,0.8155714309537588,3.0,2.0
0.5508645338240827,0.9934699510964696,3.0,2.0
0.9928379815882317,-0.009309563136104511,6.0,2.0
0.8823821888488481,0.19195535714825893,6.0,2.0
1.0055732109064441,0.2783964062956486,6.0,2.0
0.8045034031908267,0.4717064706612164,6.0,2.0
0.7016102366811595,0.556545034521949,6.0,2.0
0.5193535928674075,0.7186867691311333,6.0,2.0
0.5395741372552956,0.8140843887680669,6.0,2.0
0.44112612608783075,0.9926593540627244,6.0,2.0
0.38729925839592194,0.00557332484827899,1.0,3.0
0.3540197442554241,0.17580923643706414,1.0,3.0
0.38413604772532406,0.2630566053173808,1.0,3.0
0.3480274833926393,0.4373614127556742,1.0,3.0
0.3030691852337928,0.5243316594635113,1.0,3.0
0.31484756395543323,0.7352492330874693,1.0,3.0
0.3370206243844113,0.8307609429547782,1.0,3.0
0.3037988658406696,0.9777089845507219,1.0,3.0
0.6236960707166821,0.19485708391559198,4.0,3.0
0.4162446285923108,0.34530515057257655,4.0,3.0
0.3730180736466817,0.4445934499338272,4.0,3.0
0.36688151519490897,0.6436609504403499,4.0,3.0
0.3362443377203198,0.7358509260162214,4.0,3.0
0.34865225763685415,0.9194933852490706,4.0,3.0
0.34724359762098045,0.994702949729009,4.0,3.0
0.4488993147240078,0.08034929588802964,2.0,3.0
0.37763400338140773,0.19203042139384313,2.0,3.0
0.3641466751267634,0.3501574161002942,2.0,3.0
0.3510836282769175,0.4340461296262482,2.0,3.0
0.35364131060763226,0.6223191301633483,2.0,3.0
0.31315344022890595,0.7297541736899102,2.0,3.0
0.2690089603908692,0.891510041126245,2.0,3.0
0.5671659739301738,-0.017189746020293748,5.0,3.0
0.4825128615109062,0.19431453963397172,5.0,3.0
0.4782302729060053,0.2806355369008926,5.0,3.0
0.39349152484902156,0.4496062393389808,5.0,3.0
0.4032571962803777,0.5505824159902063,5.0,3.0
0.39523144017681244,0.7460316232699334,5.0,3.0
0.37310992631519946,0.8119519235830008,5.0,3.0
0.31043524295050995,0.982707625713704,5.0,3.0
0.6583153941382348,0.1830112606871601,3.0,3.0
0.5122456901568014,0.36242127233177807,3.0,3.0
0.47127107390696443,0.4621677123019301,3.0,3.0
0.3618588410107969,0.6341633188008191,3.0,3.0
0.3737086746673463,0.7277879616622027,3.0,3.0
0.353688824254531,0.9188232464868438,3.0,3.0
0.34758557530091483,1.0057926051524575,3.0,3.0
0.5670731952899902,0.17082897418114673,6.0,3.0
0.5947782902322188,0.28070138852165283,6.0,3.0
0.5026952008627362,0.4512242800564706,6.0,3.0
0.43301029361105253,0.5264914330676079,6.0,3.0
0.3585516159551422,0.715583537125097,6.0,3.0
0.33198192170919777,0.8439401305378701,6.0,3.0
0.3132802717676829,0.9967006957328335,6.0,3.0
0.5233976013854467,0.09496818729188627,1.0,4.0
0.41480815132144555,0.27919961555129874,1.0,4.0
0.39435089511007854,0.3605491317484044,1.0,4.0
0.3196881994125236,0.5376867781067128,1.0,4.0
0.34980392376820185,0.624642206578768,1.0,4.0
0.3908091765702405,0.8102159535254393,1.0,4.0
0.35722493259106186,0.9078964937250886,1.0,4.0
0.4946571593745297,-0.011670343745740068,4.0,4.0
0.42404056437808474,0.10872049870730836,4.0,4.0
0.3809808577632266,0.3680647868972333,4.0,4.0
0.38755182907827324,0.4477764658736018,4.0,4.0
0.3428923210632413,0.634129229905606,4.0,4.0
0.3174356725514591,0.7063810133502113,4.0,4.0
0.3267322397118467,0.9191714333448222,4.0,4.0
0.30811293624587066,1.0062513190067182,4.0,4.0
0.5082500589522924,0.16530227470728193,2.0,4.0
0.5015971353411685,0.2673316447530016,2.0,4.0
0.43306732704102624,0.4502284066231593,2.0,4.0
0.3940416806984015,0.5220625025891469,2.0,4.0
0.34856976323685396,0.7344559136166449,2.0,4.0
0.3199403421752284,0.8133102999067294,2.0,4.0
0.3450635060914515,1.0153677643587449,2.0,4.0
0.29326797797051424,0.0006045936472129772,5.0,4.0
0.2689568661982074,0.17444248723036823,5.0,4.0
0.25531116078418664,0.27242351077011273,5.0,4.0
0.24845821143072533,0.4347241999881481,5.0,4.0
0.240428866269122,0.5426083355616028,5.0,4.0
0.21684747782668934,0.7246640157288194,5.0,4.0
0.20575667698468386,0.8057263982193219,5.0,4.0
0.2501332479137781,0.08771913728663898,3.0,4.0
0.2437582268435821,0.17935524150681942,3.0,4.0
0.26425483201764083,0.4750509927454195,3.0,4.0
0.2580215033430483,0.5348464696804528,3.0,4.0
0.2244749670072048,0.7130592318156697,3.0,4.0
0.21226867013893522,0.8262854955341487,3.0,4.0
0.2351087104583752,1.012223432645871,3.0,4.0
0.5873545951806257,0.005957536733671567,6.0,4.0
0.4115100688532361,0.21110558792301615,6.0,4.0
0.4113644723458544,0.2877355263995798,6.0,4.0
0.4272015499382485,0.4379316481126785,6.0,4.0
0.3369136436566606,0.5419200212565651,6.0,4.0
0.3086981776640012,0.7267378451672529,6.0,4.0
0.3569986258199809,0.8219931231315384,6.0,4.0
0.3187829703443685,0.9995041812067836,6.0,4.0
0.5915798361640273,0.004498037657644315,1.0,5.0
0.3169376667103338,0.18234049933767446,1.0,5.0
0.2752075094901597,0.2737700469586916,1.0,5.0
0.3336525377234989,0.46328993815093966,1.0,5.0
0.24375400918743692,0.5444408713914576,1.0,5.0
0.3028215385413353,0.7355348494629145,1.0,5.0
0.3055168439426411,0.8172518245953045,1.0,5.0
0.3068981002269294,1.0009153131267967,1.0,5.0
0.5628111054086592,0.01365899277228416,4.0,5.0
0.5084215917162491,0.18160568305731947,4.0,5.0
0.5187549730341665,0.29039320566323223,4.0,5.0
0.48985366744130293,0.4503224511306084,4.0,5.0
0.4626774035145551,0.5309486441273301,4.0,5.0
0.3897292401003956,0.734970643130743,4.0,5.0
0.39039595560158347,0.8212529302614742,4.0,5.0
0.35684495828198637,0.9984776316188968,4.0,5.0
0.43966041308919657,0.18180270671865068,2.0,5.0
0.32985048886602314,0.5502707532442467,2.0,5.0
0.3312902096552675,0.6129725071958749,2.0,5.0
0.30739790894550884,0.912325041048111,2.0,5.0
0.34487777931993285,0.9986515439683337,2.0,5.0
0.4103619661757985,0.10858971277797361,5.0,5.0
0.4051572960513076,0.20377247454230882,5.0,5.0
0.3993321498521176,0.37597043416182674,5.0,5.0
0.37504344461006583,0.4633268441802935,5.0,5.0
0.35441542875599985,0.646665200330842,5.0,5.0
0.3485948846592528,0.7150154774189957,5.0,5.0
0.3137608143569126,0.9031202769077854,5.0,5.0
0.27962026461285366,1.0025590537077962,5.0,5.0
0.4659792384722073,0.1835281060166684,3.0,5.0
0.4467673652982366,0.2681881255513421,3.0,5.0
0.393387652569155,0.4597320522421283,3.0,5.0
0.35828833718431763,0.5376793309582975,3.0,5.0
0.3497455406916507,0.7303493431652708,3.0,5.0
0.34361908020819726,0.8250723047143969,3.0,5.0
0.29498612621892245,0.9939805545739764,3.0,5.0
0.4650934947630618,0.08933970522853776,6.0,5.0
0.4287964450198885,0.28158656896677997,6.0,5.0
0.36726950284421517,0.36648656460533846,6.0,5.0
0.3203521496568565,0.5364988387011338,6.0,5.0
0.30392735998948356,0.6533928713162407,6.0,5.0
0.3450426788879121,0.837202052984397,6.0,5.0
0.29900080050616024,0.9082660491729354,6.0,5.0
0.31665984512837797,0.08877121388585965,1.0,1.0
0.2903631407685252,0.3662224944335211,1.0,1.0
0.2683788595821269,0.6208234325116928,1.0,1.0
0.24547716463422417,0.907792176632672,1.0,1.0
0.3605328679881389,0.08723621400502127,4.0,1.0
0.3324658571732808,0.3698495446960755,4.0,1.0
0.28955158017857097,0.6278494268751968,4.0,1.0
0.24550473105830162,0.9046761646733062,4.0,1.0
0.3020273574433824,0.0965409264314501,2.0,1.0
0.28028455578318917,0.3756726987938292,2.0,1.0
0.28112198914217246,0.6409953486926167,2.0,1.0
0.23370261506733886,0.9111014941740232,2.0,1.0
0.3105501488183855,0.08537683092572791,5.0,1.0
0.30033890493120863,0.3820376283465599,5.0,1.0
0.30607282623116006,0.6329393731910528,5.0,1.0
0.30365415308009974,0.9085781236168975,5.0,1.0
0.3565527123704587,0.08355177854540205,3.0,1.0
0.3140833266472171,0.3435744780627216,3.0,1.0
0.332237924366493,0.6340964053249989,3.0,1.0
0.3201791965758633,0.9276923856770085,3.0,1.0
0.2998821618329407,0.08064434922509968,6.0,1.0
0.24794188575803747,0.3682741421718329,6.0,1.0
0.29541348583986304,0.6384770173959504,6.0,1.0
0.276384182913078,0.9934949740381432,6.0,1.0
1.0082056108175088,0.17274798530564922,1.0,2.0
0.7733924828939928,0.4759087319663676,1.0,2.0
0.5731137474879517,0.7294530644587484,1.0,2.0
0.4386499418912452,1.0052302225510203,1.0,2.0
1.0011523749080988,0.17593129273247604,4.0,2.0
0.7225257926847035,0.4542894348735009,4.0,2.0
0.5186129851406083,0.733104149820366,4.0,2.0
0.4518356954312233,0.9943116773240959,4.0,2.0
0.5258023899737041,0.18825706475131596,2.0,2.0
0.48516640494987145,0.46896036463490703,2.0,2.0
0.376314165272199,0.7335773485390686,2.0,2.0
1.0058833413051236,0.0803644579632375,5.0,2.0
0.7072993301540211,0.36545508376627567,5.0,2.0
0.6084152758233113,0.6449982924694472,5.0,2.0
0.4788909050357302,0.9183836062483375,5.0,2.0
1.0138708543516917,0.09950615461938905,3.0,2.0
1.0000879988992384,0.3645987669977007,3.0,2.0
0.8553674429350132,0.615462816071379,3.0,2.0
0.5893145186057244,0.9157741296180902,3.0,2.0
0.9883413910807909,0.09228458141522165,6.0,2.0
0.7900703828828624,0.3673432387976181,6.0,2.0
0.6410945261156374,0.6337465033906307,6.0,2.0
0.4299887854561554,0.9023364811547441,6.0,2.0
0.3701885050500684,0.08950582056467127,1.0,3.0
0.36039597391924405,0.3577928765098256,1.0,3.0
0.33426555414575415,0.6380662600012704,1.0,3.0
0.2966023143728066,0.8726797247523512,1.0,3.0
0.47851962833224737,0.2730979225233125,4.0,3.0
0.39190900122291594,0.5400140542908568,4.0,3.0
0.3353593555630992,0.8183394654762073,4.0,3.0
0.5350129274583763,-0.00650173672734676,2.0,3.0
0.39527412749757196,0.27025364594705753,2.0,3.0
0.3604715014109334,0.5364038442138958,2.0,3.0
0.27618000035235984,0.82464986658353,2.0,3.0
0.4809979451510041,0.0747685507508204,5.0,3.0
0.46038872613512544,0.36227446630540366,5.0,3.0
0.26721103820842335,0.6438211514699367,5.0,3.0
0.3022834440711537,0.9061171922939076,5.0,3.0
0.5492467585382768,0.26719154145701374,3.0,3.0
0.4286086694987673,0.5417114923307037,3.0,3.0
0.37307419134688735,0.8236890753243536,3.0,3.0
0.7673438692872195,0.07876422264161985,6.0,3.0
0.5340330781199447,0.36088951908010325,6.0,3.0
0.40994816407800116,0.6381746674674741,6.0,3.0
0.323397494639965,0.9326996075893924,6.0,3.0
0.49041835326357186,0.19044072626308145,1.0,4.0
0.37584069586388097,0.4489515434173569,1.0,4.0
0.3402509066222688,0.7410904130373822,1.0,4.0
0.35501676170467433,1.0023085727762076,1.0,4.0
0.428848018123404,0.17430220131334426,4.0,4.0
0.35440053585267356,0.5323966948850957,4.0,4.0
0.33440977778321296,0.8161064503798381,4.0,4.0
0.5157623038315645,0.1009696991002992,2.0,4.0
0.47078301592279165,0.35791261565909666,2.0,4.0
0.34881269926212827,0.6341465969095692,2.0,4.0
0.3113251200681121,0.921190861840862,2.0,4.0
0.27262951030259275,0.08555107141229744,5.0,4.0
0.23413037630678718,0.3679965873668164,5.0,4.0
0.21828957226456033,0.6302448354145119,5.0,4.0
0.26801798886516864,-0.0009662393881268865,3.0,4.0
0.2238352659912653,0.2974008247631495,3.0,4.0
0.26515586899195287,0.6222153447111275,3.0,4.0
0.20766465277865373,0.9131403348906642,3.0,4.0
0.4610948160861488,0.10387013570327021,6.0,4.0
0.42883129440705353,0.34997333327866637,6.0,4.0
0.3612624538475796,0.6381004849442058,6.0,4.0
0.3473685998778982,0.9030863735897197,6.0,4.0
0.44319734609386446,0.08301674600917595,1.0,5.0
0.3071886564648546,0.35133135388124875,1.0,5.0
0.35600921206643554,0.6537092396079942,1.0,5.0
0.3221219290519463,0.9173940344865469,1.0,5.0
0.5524274502804627,0.08518151141410227,4.0,5.0
0.512566490219796,0.3515993042925377,4.0,5.0
0.3966463281240157,0.640155890148966,4.0,5.0
0.37773210035349564,0.9037421267599672,4.0,5.0
0.3838130718472469,0.3532348151074897,2.0,5.0
0.3217885239246439,0.8233640588599856,2.0,5.0
0.4404203960505193,-9.583365907920007e-05,5.0,5.0
0.38646123406150246,0.25996993090401727,5.0,5.0
0.38176718657099395,0.5411488560183451,5.0,5.0
0.30290782855055515,0.8131923019320701,5.0,5.0
0.504528276884867,0.08356127162669579,3.0,5.0
0.4031284848905894,0.3661513157271093,3.0,5.0
0.3336841414679296,0.6419922974519662,3.0,5.0
0.31682136367589075,0.8988024017188204,3.0,5.0
0.44345166259222146,0.18500194415533786,6.0,5.0
0.3431088146773329,0.46610853874441344,6.0,5.0
0.35983102441031434,0.7189492336879306,6.0,5.0
0.3076306047725639,1.0110184158944873,6.0,5.0
